{"cameraMode":{"drawMode":0,"name":"Shaded","section":"Shading Mode"},"sceneLighting":true,"audioPlay":false,"sceneViewState":{"showFog":true,"showMaterialUpdate":false,"showSkybox":true,"showFlares":true,"showImageEffects":true,"showParticleSystems":true},"in2DMode":false,"pivot":{"x":1.241562843322754,"y":-7.730709552764893,"z":20.433664321899415},"rotation":{"x":-0.2306937426328659,"y":-0.012554038316011429,"z":0.0029772694688290359,"w":-0.9729448556900024},"size":16.195669174194337,"orthographic":false}